course_id, number_of_problem
SpATywNh6bZuzm8s1ceuBUnMUAeoAHHw, 69
a2E7NQC7nZB7WHEhKGhKnKvUWtsLAQzh, 85
DABrJ6O4AotFwuAbfo1fuMj40VmMpPGX, 43
ykoe1cCWK134BJmfbNoPEenJOIWdtQOZ, 16
1pvLqtotBsKv7QSOsLicJDQMHx3lui6d, 33
TAYxxh39I2LZnftBpL0LfF2NxzrCKpkx, 31
5Gyp41oLVo7Gg7vF4vpmggWP5MU70QO6, 59
NmbZ3BmS8V4pMg6oxXHWpqqMZCE1jvYt, 64
9zpXzW9zCfU8KGBWkhlsGH8B8czISH4J, 50
A3fsA9Zfv1X2fVEQhTw51lKENdNrEqT3, 322
bWdj2GDclj5ofokWjzoa5jAwMkxCykd6, 137
nSfGxfEtzw5G72fVbfaowxsV46Pg1xIc, 306
5X6FeZozNMgE2VRi3MJYjkkFK8SETtu2, 309
xMd9DzNyUCTLRPVbwWVzf4vq06oqrTT1, 61
X78EhlW2JxwO1I6S3U4yZVwkEQpKXLOj, 16
shM3Yy9vxHn2aqjSYfQXOcwGo0hWh3MI, 500
q6A6QG7qMpyNcznyT2XaIxnfNGkZRxXl, 173
3cnZpv6ReApmCaZyaQwi2izDZxVRdC01, 231
9Mq1P5hrrLw6Bh9X4W4ZjisQJDdxjz9x, 17
Wm3dddHSynJ76EJV6hyLYKGGRL0JF3YK, 465
HbeAZjZFFQUe90oTP0RRO0PEtRAqU3kK, 468
gvEwgd64UX4t3K7ftZwXiMkFuxFUAqQE, 61
KHPw0gmg1Ad3V07TqRpyBzA8mRjj7mkt, 31
9Bd26pfDLvkPINwLnpaGcf0LrLUvY1Mz, 291
mTmmr5zd8l4wXhwiULwjSmSbi9ktcFmV, 50
H2lDW05SyKnwntZ6Fora76aPAEswcMa5, 54
81UZtt1JJwBFYMj5u38WNKCSVA4IJSDv, 11
AXUJZGmZ0xaYSWazu8RQ1G5c76ECT1Kd, 15
G8EPVSXsOYB5YQWZGiz1aVq5Pgr2GrQu, 300
Er0RFawC4sHagDmmQZcBGBrzamLQcblZ, 93
7GRhBDsirIGkRZBtSMEzNTyDr2JQm4xx, 95
RXDvfPUBYFlVdlueBFbLW0mhhAyGEqpt, 193
fbPkOYLVPtPgIt0MxizjfFJov3JbHyAi, 33
tXbz2ZYaRyb2ZsWUBPoYzAmisOhHQrYl, 117
WM572q68zD5VW8pcvVTc1RhhFUq3iRFN, 109
V4tXq15GxHo2gaMpaJLZ3IGEkP949IbE, 98
3VkHkmOtom3jM2wCu94xgzzu1d6Dn7or, 44
I7Go4XwWgpjRJM8EZGEnBpkfSmBNOlsO, 43
DPnLzkJJqOOPRJfBxIHbQEERiYHu5ila, 42
