course_id, number_of_chapter
SpATywNh6bZuzm8s1ceuBUnMUAeoAHHw, 17
a2E7NQC7nZB7WHEhKGhKnKvUWtsLAQzh, 19
DABrJ6O4AotFwuAbfo1fuMj40VmMpPGX, 18
ykoe1cCWK134BJmfbNoPEenJOIWdtQOZ, 16
1pvLqtotBsKv7QSOsLicJDQMHx3lui6d, 11
TAYxxh39I2LZnftBpL0LfF2NxzrCKpkx, 12
5Gyp41oLVo7Gg7vF4vpmggWP5MU70QO6, 13
NmbZ3BmS8V4pMg6oxXHWpqqMZCE1jvYt, 14
9zpXzW9zCfU8KGBWkhlsGH8B8czISH4J, 8
A3fsA9Zfv1X2fVEQhTw51lKENdNrEqT3, 26
bWdj2GDclj5ofokWjzoa5jAwMkxCykd6, 14
nSfGxfEtzw5G72fVbfaowxsV46Pg1xIc, 15
5X6FeZozNMgE2VRi3MJYjkkFK8SETtu2, 14
xMd9DzNyUCTLRPVbwWVzf4vq06oqrTT1, 12
X78EhlW2JxwO1I6S3U4yZVwkEQpKXLOj, 16
shM3Yy9vxHn2aqjSYfQXOcwGo0hWh3MI, 19
q6A6QG7qMpyNcznyT2XaIxnfNGkZRxXl, 10
3cnZpv6ReApmCaZyaQwi2izDZxVRdC01, 7
9Mq1P5hrrLw6Bh9X4W4ZjisQJDdxjz9x, 12
Wm3dddHSynJ76EJV6hyLYKGGRL0JF3YK, 15
HbeAZjZFFQUe90oTP0RRO0PEtRAqU3kK, 15
gvEwgd64UX4t3K7ftZwXiMkFuxFUAqQE, 16
KHPw0gmg1Ad3V07TqRpyBzA8mRjj7mkt, 12
9Bd26pfDLvkPINwLnpaGcf0LrLUvY1Mz, 14
mTmmr5zd8l4wXhwiULwjSmSbi9ktcFmV, 7
H2lDW05SyKnwntZ6Fora76aPAEswcMa5, 12
81UZtt1JJwBFYMj5u38WNKCSVA4IJSDv, 15
AXUJZGmZ0xaYSWazu8RQ1G5c76ECT1Kd, 14
G8EPVSXsOYB5YQWZGiz1aVq5Pgr2GrQu, 25
Er0RFawC4sHagDmmQZcBGBrzamLQcblZ, 11
7GRhBDsirIGkRZBtSMEzNTyDr2JQm4xx, 12
RXDvfPUBYFlVdlueBFbLW0mhhAyGEqpt, 17
fbPkOYLVPtPgIt0MxizjfFJov3JbHyAi, 8
tXbz2ZYaRyb2ZsWUBPoYzAmisOhHQrYl, 14
WM572q68zD5VW8pcvVTc1RhhFUq3iRFN, 13
V4tXq15GxHo2gaMpaJLZ3IGEkP949IbE, 20
3VkHkmOtom3jM2wCu94xgzzu1d6Dn7or, 9
I7Go4XwWgpjRJM8EZGEnBpkfSmBNOlsO, 12
DPnLzkJJqOOPRJfBxIHbQEERiYHu5ila, 13
